player_name,player_id
Stephen Curry,curryst01
Nikola Jokic,jokicni01
James Harden,hardeja01
Chris Paul,paulch01
Draymond Green,greendr01
Paul George,georgpa01
Kevin Durant,duranke01
Kawhi Leonard,leonaka01
Anthony Davis,davisan02
LeBron James,jamesle01
Jimmy Butler,butleji01
Russell Westbrook,westbru01
Kevin Love,loveke01
Damian Lillard,lillada01
Jayson Tatum,tatumja01
Rudy Gobert,goberru01
Joel Embiid,embiijo01
Victor Oladipo,oladivi01
Joakim Noah,noahjo01
Kyle Lowry,lowryky01
Kemba Walker,walkeke02
Giannis Antetokounmpo,antetgi01
Mike Conley,conlemi01
Jrue Holiday,holidjr01
Kyrie Irving,irvinky01
Goran Dragic,dragigo01
Bradley Beal,bealbr01
Danny Green,greenda02
DeAndre Jordan,jordade01
Karl-Anthony Towns,townska01
Klay Thompson,thompkl01
Nikola Vucevic,vucevni01
Jusuf Nurkic,nurkiju01
Luka Doncic,doncilu01
Dirk Nowitzki,nowitdi01
DeMarcus Cousins,couside01
Robert Covington,covinro01
Trae Young,youngtr01
Carmelo Anthony,anthoca01
Isaiah Thomas,thomais02
Eric Bledsoe,bledser01
Blake Griffin,griffbl01
Fred VanVleet,vanvlfr01
John Wall,walljo01
Marc Gasol,gasolma01
Kyle Korver,korveky01
Khris Middleton,middlkh01
Andre Drummond,drumman01
Devin Booker,bookede01
Ben Simmons,simmobe01
Darius Garland,garlada01
Otto Porter Jr.,porteot01
LaMarcus Aldridge,aldrila01
Steven Adams,adamsst01
Ricky Rubio,rubiori01
Clint Capela,capelca01
Gordon Hayward,haywago01
CJ McCollum,mccolcj01
Julius Randle,randlju01
Al Horford,horfoal01
Danilo Gallinari,gallida01
JJ Redick,redicjj01
Mikal Bridges,bridgmi01
Wesley Matthews,matthwe02
Mario Chalmers,chalmma01
Derrick White,whitede01
Paul Millsap,millspa01
Robin Lopez,lopezro01
Kentavious Caldwell-Pope,caldwke01
Marvin Williams,willima02
Marcin Gortat,gortama01
Pascal Siakam,siakapa01
DeMarre Carroll,carrode01
Terry Rozier,roziete01
Nicolas Batum,batumni01
Marcus Smart,smartma01
Domantas Sabonis,sabondo01
DeMar DeRozan,derozde01
Joe Ingles,inglejo01
Dejounte Murray,murrade01
Lou Williams,willilo02
Trevor Ariza,arizatr01
Desmond Bane,banede01
Patrick Beverley,beverpa01
Tim Duncan,duncati01
Andre Iguodala,iguodan01
Pau Gasol,gasolpa01
Jakob Poeltl,poeltja01
Darren Collison,collida01
Donovan Mitchell,mitchdo01
Josh Richardson,richajo01
Tristan Thompson,thomptr01
Ty Lawson,lawsoty01
Zach Randolph,randoza01
Chandler Parsons,parsoch01
Derrick Favors,favorde01
Jarrett Allen,allenja01
Miles Bridges,bridgmi02
Brook Lopez,lopezbr01
Rudy Gay,gayru01
Manu Ginobili,ginobma01
George Hill,hillge01
Thaddeus Young,youngth01
Kristaps Porzingis,porzikr01
Serge Ibaka,ibakase01
Montrezl Harrell,harremo01
Jaylen Brown,brownja02
Anderson Varejao,varejan01
Tyson Chandler,chandty01
Deron Williams,willide01
Jeff Teague,teaguje01
Jeremy Lamb,lambje01
D'Angelo Russell,russeda01
David West,westda01
Alec Burks,burksal01
Jae Crowder,crowdja01
Hassan Whiteside,whiteha01
Tyrese Haliburton,halibty01
Bam Adebayo,adebaba01
LaMelo Ball,ballla01
Spencer Dinwiddie,dinwisp01
Channing Frye,fryech01
Immanuel Quickley,quickim01
Duncan Robinson,robindu01
Zion Williamson,willizi01
Tony Allen,allento01
Tobias Harris,harrito02
De'Aaron Fox,foxde01
James Johnson,johnsja01
Andre Roberson,roberan03
Patty Mills,millspa02
Nikola Mirotic,mirotni01
Monta Ellis,ellismo01
Malcolm Brogdon,brogdma01
Dwight Howard,howardw01
Gary Harris,harriga01
Vince Carter,cartevi01
PJ Tucker,tuckepj01
Jalen Brunson,brunsja01
Anthony Edwards,edwaran01
Ja Morant,moranja01
Kyle Anderson,anderky01
Michael Kidd-Gilchrist,kiddgmi01
Buddy Hield,hieldbu01
Roy Hibbert,hibbero01
Jamal Murray,murraja01
Luol Deng,denglu01
Joe Harris,harrijo01
Eric Gordon,gordoer01
Monte Morris,morrimo01
Tyreke Evans,evansty01
Jordan Clarkson,clarkjo01
Andrew Wiggins,wiggian01
Amir Johnson,johnsam01
Zach LaVine,lavinza01
Ersan Ilyasova,ilyaser01
Tim Hardaway Jr.,hardati02
Myles Turner,turnemy01
Mitchell Robinson,robinmi01
Reggie Jackson,jacksre01
Andrew Bogut,bogutan01
Jared Dudley,dudleja01
Dwight Powell,poweldw01
Davis Bertans,bertada01
Royce O'Neale,onealro01
Al Jefferson,jeffeal01
Robert Williams III,williro04
Ryan Anderson,anderry01
Will Barton,bartowi01
John Collins,collijo01
Tyler Johnson,johnsty01
Matt Barnes,barnema02
Garrison Mathews,mathega01
Nikola Pekovic,pekovni01
David Lee,leeda02
Gary Payton II,paytoga02
Anthony Morrow,morroan01
Cameron Johnson,johnsca02
Corey Brewer,breweco01
Franz Wagner,wagnefr01
Jonas Valanciunas,valanjo01
Ivica Zubac,zubaciv01
Paul Pierce,piercpa01
Donte DiVincenzo,divindo01
Rodney Hood,hoodro01
Christian Wood,woodch01
Greg Monroe,monrogr01
Luc Mbah a Moute,mbahalu01
Jaren Jackson Jr.,jacksja02
Al-Farouq Aminu,aminual01
Michael Porter Jr.,portemi01
Herbert Jones,joneshe01
Patrick Patterson,pattepa01
Zaza Pachulia,pachuza01
Taj Gibson,gibsota01
Delon Wright,wrighde01
Bobby Portis,portibo01
De'Anthony Melton,meltode01
Chris Bosh,boshch01
Gorgui Dieng,dienggo01
Dorian Finney-Smith,finnedo01
Shai Gilgeous-Alexander,gilgesh01
T.J. McConnell,mccontj01
Devonte' Graham,grahade01
Justin Holiday,holidju01
Scottie Barnes,barnesc01
Cory Joseph,josepco01
Seth Curry,curryse01
Ed Davis,davised01
Alex Caruso,carusal01
Enes Kanter,kanteen01
Aaron Gordon,gordoaa01
Jerami Grant,grantje01
Jarred Vanderbilt,vandeja01
Bogdan Bogdanovic,bogdabo01
JR Smith,smithjr01
Devin Harris,harride01
Nemanja Bjelica,bjeline01
Tyler Herro,herroty01
Larry Nance Jr.,nancela02
Josh McRoberts,mcrobjo01
Elfrid Payton,paytoel01
Marcus Morris,morrima03
Keldon Johnson,johnske04
Jared Sullinger,sullija01
Avery Bradley,bradlav01
Randy Foye,foyera01
Derrick Rose,rosede01
Kevon Looney,looneke01
Richaun Holmes,holmeri01
Courtney Lee,leeco01
Allen Crabbe,crabbal01
Marco Belinelli,belinma01
Timofey Mozgov,mozgoti01
Jeremy Lin,linje01
Brandon Ingram,ingrabr01
Terrence Ross,rosste01
Jordan Poole,poolejo01
T.J. Warren,warretj01
P.J. Tucker,tuckepj01
Mike Dunleavy,dunlemi02
Wilson Chandler,chandwi01
Harrison Barnes,barneha02
CJ Miles,milescj01
Ish Smith,smithis01
Gary Trent Jr.,trentga02
Kelly Olynyk,olynyke01
Shane Battier,battish01
Lonzo Ball,balllo01
Anthony Tolliver,tollian01
Matisse Thybulle,thybuma01
Kris Humphries,humphkr01
Matthew Dellavedova,dellama01
Deandre Ayton,aytonde01
Jonas Jerebko,jerebjo01
Tiago Splitter,splitti01
Bojan Bogdanovic,bogdabo02
Evan Fournier,fournev01
Deni Avdija,avdijde01
OG Anunoby,anunoog01
Dennis Schroder,schrode01
Kent Bazemore,bazemke01
Shaun Livingston,livinsh01
Yogi Ferrell,ferreyo01
Terance Mann,mannte01
Facundo Campazzo,campafa01
Cameron Payne,payneca01
Luguentz Dort,dortlu01
Cody Martin,martico01
Boris Diaw,diawbo01
Dario Saric,saricda01
Shabazz Napier,napiesh01
Tyus Jones,jonesty01
Jonathan Isaac,isaacjo01
Caleb Martin,martica02
Derek Fisher,fishede01
Jae'Sean Tate,tateja01
Maurice Harkless,harklma01
Dwyane Wade,wadedw01
Iman Shumpert,shumpim01
Joe Johnson,johnsjo02
Raul Neto,netora01
Dion Waiters,waitedi01
Malik Monk,monkma01
Jose Alvarado,alvarjo01
Norman Powell,powelno01
Cody Zeller,zelleco01
J.J. Barea,bareajo01
Aaron Holiday,holidaa01
Brandon Clarke,clarkbr01
Lance Stephenson,stephla01
Michael Carter-Williams,cartemi01
Langston Galloway,gallola01
Brandon Jennings,jennibr01
Garrett Temple,templga01
Chris Boucher,bouchch01
Luke Kennard,kennalu01
Dewayne Dedmon,dedmode01
Max Strus,strusma01
Rondae Hollis-Jefferson,holliro01
Wendell Carter Jr.,cartewe01
Nene,hilarne01
Kenneth Faried,farieke01
Maxi Kleber,klebima01
Josh Smith,smithjo03
Javonte Green,greenja02
Derrick Jones Jr.,jonesde02
Ben McLemore,mclembe01
Kirk Hinrich,hinriki01
Isaiah Hartenstein,harteis01
Gerald Henderson,hendege02
Chris Andersen,anderch01
Kris Dunn,dunnkr01
Thabo Sefolosha,sefolth01
Nick Young,youngni01
Markieff Morris,morrima02
Lauri Markkanen,markkla01
Tomas Satoransky,satorto01
Spencer Hawes,hawessp01
Tyrese Maxey,maxeyty01
Daniel Theis,theisda01
Jamal Crawford,crawfja01
RJ Barrett,barrerj01
Brandan Wright,wrighbr03
Brandon Knight,knighbr03
Bruce Brown,brownbr01
Josh Hart,hartjo01
Ian Mahinmi,mahinia01
Austin Reaves,reaveau01
Gerald Green,greenge01
Pat Connaughton,connapa01
Aron Baynes,baynear01
Omer Asik,asikom01
Marcus Morris Sr.,morrima03
Dillon Brooks,brookdi01
JaVale McGee,mcgeeja01
Isaiah Stewart,stewais01
Mason Plumlee,plumlma01
Caris LeVert,leverca01
Omri Casspi,casspom01
Jason Terry,terryja01
JaMychal Green,greenja01
Wayne Ellington,ellinwa01
D.J. Augustin,augusdj01
C.J. Watson,watsocj01
Rajon Rondo,rondora01
Luis Scola,scolalu01
Alan Anderson,anderal01
Jose Calderon,caldejo01
Donatas Motiejunas,motiedo01
Rodney Stuckey,stuckro01
Kenrich Williams,willike04
Tre Jones,jonestr01
Jodie Meeks,meeksjo01
Grayson Allen,allengr01
Kyle Singler,singlky01
Trevor Booker,booketr01
Pablo Prigioni,prigipa01
Kelly Oubre Jr.,oubreke01
Kevin Porter Jr.,porteke02
Furkan Korkmaz,korkmfu01
Mirza Teletovic,teletmi01
Josh Okogie,okogijo01
Reggie Bullock,bullore01
Terence Davis,daviste02
Nick Collison,collini01
Tony Parker,parketo01
Justise Winslow,winslju01
Kyle O'Quinn,oquinky01
Kevin Huerter,huertke01
Trey Burke,burketr01
Bones Hyland,hylanbo01
Nate Wolters,woltena01
Solomon Hill,hillso01
Amar'e Stoudemire,stoudam01
Mike Muscala,muscami01
Mo Williams,willima01
John Konchar,konchjo01
Danuel House Jr.,houseda01
Trey Lyles,lylestr01
Samuel Dalembert,dalemsa01
Landry Shamet,shamela01
Jeremy Evans,evansje01
Jerian Grant,grantje02
Georges Niang,niangge01
Andray Blatche,blatcan01
Ray Allen,allenra02
Greivis Vasquez,vasqugr01
Nick Calathes,calatni01
Willie Cauley-Stein,caulewi01
Gabe Vincent,vincega01
Noah Vonleh,vonleno01
Onyeka Okongwu,okongon01
Tyler Zeller,zellety01
Shelvin Mack,macksh01
Tony Snell,snellto01
Khem Birch,birchkh01
Chris Duarte,duartch01
Precious Achiuwa,achiupr01
Isaac Bonga,bongais01
Nerlens Noel,noelne01
Raymond Felton,feltora01
Nassir Little,littlna01
Shaquille Harrison,harrish01
Tarik Black,blackta01
De'Andre Hunter,huntede01
Ryan Arcidiacono,arcidry01
Kosta Koufos,koufoko01
Damion Lee,leeda03
Nicolas Claxton,claxtni01
Evan Turner,turneev01
Terrence Jones,joneste01
Jeff Green,greenje02
Bismack Biyombo,biyombi01
Lavoy Allen,allenla01
Daniel Gafford,gaffoda01
Marcus Thornton,thornma01
Tyler Hansbrough,hansbty01
David Nwaba,nwabada01
Malik Beasley,beaslma01
Wesley Johnson,johnswe01
Josh Jackson,jacksjo02
Nate Robinson,robinna01
Anfernee Simons,simonan01
Alex Len,lenal01
E'Twaun Moore,mooreet01
Darrell Arthur,arthuda01
Hamidou Diallo,diallha01
Boban Marjanovic,marjabo01
Dorell Wright,wrighdo01
Marreese Speights,speigma01
Jordan Bell,belljo01
Lucas Nogueira,noguelu01
Darius Miller,milleda01
James Ennis III,ennisja01
Payton Pritchard,pritcpa01
Kevin Garnett,garneke01
Devin Vassell,vassede01
Isaac Okoro,okorois01
Juan Toscano-Anderson,toscaju01
PJ Dozier,doziepj01
Evan Mobley,mobleev01
Ekpe Udoh,udohek01
Luke Kornet,kornelu01
Shake Milton,miltosh01
Jon Leuer,leuerjo01
Jaden McDaniels,mcdanja02
Drew Gooden,goodedr01
Alan Williams,willial03
Alexis Ajinca,ajincal01
Kendrick Nunn,nunnke01
Austin Rivers,riverau01
Meyers Leonard,leoname01
Xavier Henry,henryxa01
Mario Hezonja,hezonma01
Tony Bradley,bradlto01
Kyle Kuzma,kuzmaky01
Mo Bamba,bambamo01
Kenyon Martin,martike01
Chuma Okeke,okekech01
Dean Wade,wadede01
Talen Horton-Tucker,hortota01
Grant Williams,willigr01
Amir Coffey,coffeam01
Frank Ntilikina,ntilila01
John Henson,hensojo01
Troy Daniels,danietr01
Torrey Craig,craigto01
Sam Dekker,dekkesa01
Andre Miller,millean02
Rashard Lewis,lewisra02
Jan Vesely,veselja01
Juancho Hernangomez,hernaju01
Davion Mitchell,mitchda01
Gerald Wallace,wallage01
Timothe Luwawu-Cabarrot,luwawti01
Jordan McLaughlin,mclaujo01
Brandon Bass,bassbr01
Jeff Withey,witheje01
Festus Ezeli,ezelife01
Jevon Carter,carteje01
Shabazz Muhammad,muhamsh01
Jerryd Bayless,bayleje01
Svi Mykhailiuk,mykhasv01
Ronnie Price,pricero01
Cole Aldrich,aldrico01
Naz Reid,reidna01
Jason Thompson,thompja02
Kevin Martin,martike02
Jordan Hill,hilljo01
Josh Green,greenjo02
DeAndre' Bembry,bembrde01
Alex Abrines,abrinal01
Aaron Brooks,brookaa01
Jabari Parker,parkeja01
Beno Udrih,udrihbe01
Rasual Butler,butlera01
Elton Brand,brandel01
Marquese Chriss,chrisma01
Brian Roberts,roberbr01
Pero Antic,anticpe01
Richard Jefferson,jefferi01
Tyler Ennis,ennisty01
Steve Blake,blakest01
Elijah Millsap,millsel01
Sasha Vujacic,vujacsa01
Shawn Marion,mariosh01
Ronny Turiaf,turiaro01
Dante Cunningham,cunnida01
Luke Babbitt,babbilu01
Stanley Johnson,johnsst04
Dennis Smith Jr.,smithde03
Cristiano Felicio,feliccr01
P.J. Washington,washipj01
Salah Mejri,mejrisa01
Robbie Hummel,hummero01
TJ Leaf,leaftj01
Doug McDermott,mcderdo01
Martell Webster,webstma02
Xavier Tillman,tillmxa01
Michael Beasley,beaslmi01
Jordan Farmar,farmajo01
Arron Afflalo,afflaar01
Willy Hernangomez,hernawi01
Sindarius Thornwell,thornsi01
Troy Brown Jr.,browntr01
Lance Thomas,thomala01
Andrew Harrison,harrian01
Obi Toppin,toppiob01
Jordan Crawford,crawfjo02
Andrew Nicholson,nichoan01
Jaylen Nowell,nowelja01
Denzel Valentine,valende01
Brad Wanamaker,wanambr01
Mike Scott,scottmi01
Frank Kaminsky,kaminfr01
Thomas Robinson,robinth01
Taurean Prince,princta02
Cade Cunningham,cunnica01
Josh Giddey,giddejo01
Jameer Nelson,nelsoja01
Jaxson Hayes,hayesja02
Rodney McGruder,mcgruro01
Cedi Osman,osmande01
Chuck Hayes,hayesch01
Josh Harrellson,harrejo01
Thomas Bryant,bryanth01
Joel Freeland,freeljo01
Quincy Acy,acyqu01
Quentin Grimes,grimequ01
Nickeil Alexander-Walker,alexani01
Shawne Williams,willish03
Oshae Brissett,brissos01
Khyri Thomas,thomakh01
Chris Douglas-Roberts,douglch01
Jalen McDaniels,mcdanja01
Matt Thomas,thomama02
Matt Bonner,bonnema01
Toney Douglas,douglto01
Mike James,jamesmi02
Treveon Graham,grahatr01
Ramon Sessions,sessira01
Ron Baker,bakerro01
Phil Pressey,pressph01
Marvin Bagley III,baglema01
Cory Jefferson,jeffeco01
Glenn Robinson III,robingl02
O.J. Mayo,mayooj01
Tim Frazier,fraziti01
Lindy Waters III,waterli01
Jimmer Fredette,fredeji01
Isaiah Canaan,canaais01
Trey Murphy III,murphtr02
MarShon Brooks,brookma01
Jalen Suggs,suggsja01
D.J. Wilson,wilsodj01
Ryan Kelly,kellyry01
Willie Reed,reedwi02
Day'Ron Sharpe,sharpda01
Miles Plumlee,plumlmi01
Ty Jerome,jeromty01
Jermaine O'Neal,onealje01
Drew Eubanks,eubandr01
Moritz Wagner,wagnemo01
Markelle Fultz,fultzma01
Nic Claxton,claxtni01
Malachi Flynn,flynnma01
Caron Butler,butleca01
Trent Forrest,forretr01
Tayshaun Prince,princta01
Enes Freedom,kanteen01
Shane Larkin,larkish01
Davon Reed,reedda01
Justin Jackson,jacksju01
Jake Layman,laymaja01
Chase Budinger,budinch01
Mike Harris,harrimi01
Steve Novak,novakst01
Isaiah Taylor,taylois01
Isaiah Joe,joeis01
Dante Exum,exumda01
Sergey Karasev,karasse01
Kendall Marshall,marshke01
Metta World Peace,artesro01
Jalen Smith,smithja04
C.J. Williams,willicj01
Kadeem Allen,allenka01
Chris Chiozza,chiozch01
Lou Amundson,amundlo01
Bryn Forbes,forbebr01
Marcelo Huertas,huertma01
Malcolm Delaney,delanma01
Henry Sims,simshe01
Eric Moreland,moreler01
Naji Marshall,marshna01
Nik Stauskas,stausni01
Chris Kaman,kamanch01
JaKarr Sampson,sampsja02
Semi Ojeleye,ojelese01
Cole Anthony,anthoco01
Henry Walker,walkebi01
DeJuan Blair,blairde01
Coby White,whiteco01
Jonathon Simmons,simmojo02
Larry Sanders,sandela01
Damyean Dotson,dotsoda01
Bruno Caboclo,cabocbr01
Perry Jones III,jonespe01
Alonzo Gee,geeal01
Alexey Shved,shvedal01
Corey Kispert,kispeco01
Frank Jackson,jacksfr01
Anthony Gill,gillan01
Ryan Broekhoff,broekry01
Saddiq Bey,beysa01
Jordan Hamilton,hamiljo02
Gustavo Ayon,ayongu01
Jeremiah Martin,martije02
Cartier Martin,martica01
Alize Johnson,johnsal02
Troy Williams,willitr02
Danny Granger,grangda01
Jordan Adams,adamsjo01
Keita Bates-Diop,bateske01
Jarrett Jack,jackja01
Milos Teodosic,teodomi01
Donald Sloan,sloando01
Yuta Watanabe,watanyu01
Isaiah Jackson,jacksis01
Alfonzo McKinnie,mckinal01
Braxton Key,keybr01
Hollis Thompson,thompho01
Bernard James,jamesbe01
Omer Yurtseven,yurtsom01
Tacko Fall,fallta01
Goga Bitadze,bitadgo01
Andrei Kirilenko,kirilan01
PJ Hairston,hairspj02
Chris Johnson,johnsch04
Francisco Garcia,garcifr01
DaQuan Jeffries,jeffrda01
KJ McDaniels,mcdankj01
Chasson Randle,randlch01
AJ Price,priceaj01
Jemerrio Jones,jonesje01
Ziaire Williams,willizi02
Carl Landry,landrca01
Darius Bazley,bazleda01
Miles McBride,mcbrimi01
Nathan Knight,knighna01
Thanasis Antetokounmpo,antetth01
Dylan Windler,windldy01
Devontae Cacok,cacokde01
Dakari Johnson,johnsda04
Wenyen Gabriel,gabriwe01
Frank Mason,masonfr01
Shawn Long,longsh01
Jericho Sims,simsje01
Jordan McRae,mcraejo01
Paul Reed,reedpa01
Sam Hauser,hausesa01
Justin Hamilton,hamilju01
Markel Brown,brownma02
Cheick Diallo,diallch01
Quincy Miller,millequ01
Sterling Brown,brownst02
Jamil Wilson,wilsoja02
Donta Hall,halldo01
Sean Kilpatrick,kilpase01
Victor Claver,clavevi01
Jawun Evans,evansja01
Skal Labissiere,labissk01
Julyan Stone,stoneju01
P.J. Dozier,doziepj01
Quincy Pondexter,pondequ01
Jason Smith,smithja02
Hedo Turkoglu,turkohe01
Romeo Langford,langfro01
Casper Ware,wareca01
Brandon Paul,paulbr01
Xavier Munford,munfoxa02
Justin Anderson,anderju01
Zach Collins,colliza01
Maurice Ndour,ndourma01
Louis King,kinglo02
Abdel Nader,naderab01
Kyle Collinsworth,colliky01
Ryan Hollins,holliry01
Kelan Martin,martike03
Skylar Mays,mayssk01
Justin Champagnie,champju01
DeAndre Liggins,liggide01
Malcolm Miller,millema01
Kira Lewis Jr.,lewiski01
Joel Anthony,anthojo01
Devon Dotson,dotsode01
James Jones,jonesja02
CJ Wilcox,wilcocj01
Josh Huestis,huestjo01
Travis Wear,weartr01
Jordan Nwora,nworajo01
Lorenzo Brown,brownlo01
Jack Cooley,cooleja01
Gigi Datome,datomlu01
Jeff Adrien,adrieje01
Jared Harper,harpeja01
Andre Ingram,ingraan01
Mitch McGary,mcgarmi01
Norris Cole,coleno01
Joey Dorsey,dorsejo01
Wes Iwundu,iwundwe01
Kevin Seraphin,serapke01
Alec Peters,peteral01
Gary Clark,clarkga01
Pierre Jackson,jackspi01
Nicolo Melli,mellini01
Emeka Okafor,okafoem01
Alperen Sengun,sengual01
Mychal Mulder,muldemy01
Markus Howard,howarma02
Brodric Thomas,thomabr01
Devin Robinson,robinde01
Leandro Barbosa,barbole01
Ante Zizic,zizican01
Ish Wainright,wainris01
Chandler Hutchison,hutchch01
Mike Miller,millemi01
Terry Taylor,taylote01
Marcus Derrickson,derrima01
Shavlik Randolph,randosh01
Jalen Harris,harrija01
Kostas Papanikolaou,papanko01
Jonah Bolden,boldejo01
Josh Magette,magetjo01
Andrew Goudelock,goudean01
Collin Sexton,sextoco01
Thon Maker,makerth01
Adam Mokoka,mokokad01
Isaiah Roby,robyis01
Edy Tavares,tavarwa01
Tyrone Wallace,wallaty01
Saben Lee,leesa01
Jared Cunningham,cunnija01
Rodions Kurucs,kurucro01
Kobe Bryant,bryanko01
Andrea Bargnani,bargnan01
Moses Brown,brownmo01
Charles Bassey,bassech01
Dzanan Musa,musadz01
Mfiondu Kabengele,kabenmf01
Paul Watson,watsopa01
Brandon Goodwin,goodwbr01
Guerschon Yabusele,yabusgu01
Sekou Doumbouya,doumbse01
Derrick Walton Jr.,waltode01
Luke Ridnour,ridnolu01
Jannero Pargo,pargoja01
Gian Clavell,clavegi01
John Salmons,salmojo01
Myke Henry,henrymy01
Ian Clark,clarkia01
Rashad Vaughn,vaughra01
Isaiah Whitehead,whiteis01
Daniel Orton,ortonda01
Damian Jones,jonesda03
Scott Machado,machasc01
Charlie Brown Jr.,brownch02
Furkan Aldemir,aldemfu01
Jock Landale,landajo01
Nando De Colo,decolna01
Wade Baldwin IV,baldwwa01
Aaron Nesmith,nesmiaa01
Mamadi Diakite,diakima01
JJ Hickson,hicksjj01
RJ Hunter,hunterj01
Naz Mitrou-Long,mitrona01
Juwan Morgan,morgaju01
James Southerland,southja01
Hassani Gravett,graveha01
Tony L. Mitchell,mitchto02
Tremont Waters,watertr01
Lester Hudson,hudsole01
Isaiah Livers,liveris01
Jared Butler,butleja02
Landry Fields,fieldla01
Xavier Moon,moonxa01
Freddie Gillespie,gillefr01
Jaron Blossomgame,blossja01
Charles Brown Jr.,brownch02
Al Harrington,harrial01
Brice Johnson,johnsbr02
Malcolm Hill,hillma01
Troy Caupain,caupatr01
Nazr Mohammed,mohamna01
Rayjon Tucker,tuckera01
Miroslav Raduljica,radulmi01
Anthony Randolph,randoan01
Deonte Burton,burtode02
Jarnell Stokes,stokeja01
Trevelin Queen,queentr01
Jacob Wiley,wileyja01
Theo Pinson,pinsoth01
Gabriel Deck,deckga01
Deyonta Davis,davisde01
Axel Toupane,toupaax01
Tyrell Terry,terryty01
Udoka Azubuike,azubuud01
Miye Oni,onimi01
Luka Samanic,samanlu01
Daniel Hamilton,hamilda02
Joel Bolomboy,bolomjo01
Othyus Jeffers,jeffeot01
Mangok Mathiang,mathima01
James Michael McAdoo,mcadoja01
Jordan Mickey,mickejo01
Roger Mason Jr.,masonro01
Jay Huff,huffja01
Bruno Fernando,fernabr01
Dwight Buycks,buyckdw01
Tyler Ulis,ulisty01
David Stockton,stockda01
Matt Mooney,moonema01
Johnathan Motley,motlejo01
Jorge Gutierrez,gutiejo01
Chris Wright,wrighch01
Toure' Murry,murryto01
Alex Stepheson,stephal01
Yante Maten,matenya01
Dwayne Bacon,bacondw01
Mike L. James,jamesmi01
Adonis Thomas,thomaad01
Cameron McGriff,mcgrica01
Ricky Ledo,ledori01
Willie Green,greenwi01
Zhaire Smith,smithzh01
Johnathan Williams,willijo04
Glen Rice,ricegl02
Jahlil Okafor,okafoja01
Craig Sword,swordcr01
Stephen Jackson,jacksst02
Tahjere McCall,mccalta01
Tony Mitchell,mitchto03
Jason Maxiell,maxieja01
Henry Ellenson,ellenhe01
Arinze Onuaku,onuakar01
Archie Goodwin,goodwar01
Jaylen Morris,morrija01
Gabriel Lundberg,lundbga01
Zeke Nnaji,nnajize01
Josh Childress,childjo01
Nigel Hayes,hayesni01
Amile Jefferson,jeffeam01
Keith Bogans,boganke01
Eric Mika,mikaer01
Tim Quarterman,quartti01
Chris Copeland,copelch01
Patrick Williams,willipa01
Ray McCallum,mccalra01
Dusty Hannahs,hannadu01
Cameron Reynolds,reynoca01
Hilton Armstrong,armsthi01
Norvel Pelle,pelleno01
Mitchell Creek,creekmi01
Elliot Williams,williel01
Thomas Welsh,welshth01
Usman Garuba,garubus01
Lamar Stevens,stevela01
Reggie Williams,willire02
Marko Simonovic,simonma01
Marques Bolden,boldema01
Udonis Haslem,hasleud01
Xavier Silas,silasxa01
Alen Smailagic,smailal01
Demetrius Jackson,jacksde01
Jarrell Brantley,brantja01
Jonathan Gibson,gibsojo01
Kostas Antetokounmpo,antetko01
Dalano Banton,bantoda01
Reggie Evans,evansre01
Vincent Hunter,huntevi01
Chris McCullough,mcculch01
Gabe York,yorkga01
Killian Tillie,tilliki02
Devyn Marble,marblde01
John Lucas III,lucasjo02
Justin James,jamesju01
Matt Costello,costema01
BJ Johnson,johnsbj01
Malik Newman,newmama01
Armoni Brooks,brookar01
Jalen Lecque,lecquja01
Sasha Kaun,kaunsa01
Dewan Hernandez,hernade01
Anthony Brown,brownan02
John Jenkins,jenkijo01
Austin Daye,dayeau01
MJ Walker,walkemj01
Vlatko Cancar,cancavl01
Russ Smith,smithru01
Walter Lemon Jr.,lemonwa01
Matt Williams Jr.,willima05
Emanuel Terry,terryem01
Jerome Robinson,robinje01
Dahntay Jones,jonesda02
James Young,youngja01
Allonzo Trier,trieral01
Neemias Queta,quetane01
Angel Delgado,delgaan01
Ignas Brazdeikis,brazdig01
Chris Silva,silvach01
Devin Cannady,cannade01
Coty Clarke,clarkco01
Jordan Schakel,schakjo01
Travis Outlaw,outlatr01
Isaiah Hicks,hicksis01
Brandon Davies,daviebr01
Javin DeLaurier,delauja01
Mike Tobey,tobeymi01
Trevon Scott,scotttr01
Justin Patton,pattoju01
Carrick Felix,felixca01
Trevon Duval,duvaltr01
Erick Green,greener01
T.J. Leaf,leaftj01
Jarell Eddie,eddieja01
DJ Stephens,stephdj01
Greg Smith,smithgr02
Jarrett Culver,culveja01
Dexter Pittman,pittmde01
Cassius Stanley,stanlca01
Deividas Sirvydis,sirvyde01
Grant Riller,rillegr01
Marcus Paige,paigema01
Jarell Martin,martija01
Maalik Wayns,waynsma01
Sim Bhullar,bhullsi01
Scottie Lewis,lewissc01
Mason Jones,jonesma05
Jarrod Uthoff,uthofja01
Kobi Simmons,simmoko01
Nigel Williams-Goss,willini01
Tyler Davis,davisty01
J.P. Macura,macurjp01
Edmond Sumner,sumneed01
Okaro White,whiteok01
David Johnson,johnsda08
DeJon Jarreau,jarrede01
Aaron Gray,grayaa01
Ahmad Caver,caverah01
Rakeem Christmas,chrisra01
Feron Hunt,huntfe01
Jordan Loyd,loydjo01
Amida Brimah,brimaam01
DJ White,whitedj01
Cameron Oliver,oliveca01
Paris Bass,basspa01
Robert Franks,frankro01
John Holland,hollajo02
Jaime Echenique,echenja01
Anthony Lamb,lamban01
James Anderson,anderja01
Dragan Bender,bendedr01
Jaylen Adams,adamsja01
Luca Vildoza,vildolu01
Kalin Lucas,lucaska01
Nicolas Brussino,brussni01
Moses Wright,wrighmo01
Jaylen Hoard,hoardja01
Zhou Qi,qizh01
Nate Hinton,hintona01
Zach Lofton,loftoza01
Trey McKinney-Jones,mckintr01
Jerrelle Benimon,benimje01
Jaden Springer,sprinja01
Emmanuel Mudiay,mudiaem01
Daryl Macon,maconda01
Malcolm Lee,leema01
DeVaughn Akoon-Purcell,akoonde01
Reggie Hearn,hearnre01
Joel Ayayi,ayayijo01
Matt Ryan,ryanma01
Robert Woodard II,woodaro01
Andris Biedrins,biedran01
Damion James,jamesda01
Rob Edwards,edwarro01
Brian Bowen II,bowenbr02
Eric Paschall,pascher01
Elias Harris,harriel01
Justin Robinson,robinju01
Ade Murkey,murkead01
CJ Elleby,ellebcj01
Jahmi'us Ramsey,ramseja01
Tyler Dorsey,dorsety01
Jerome Jordan,jordaje01
Cliff Alexander,alexacl01
Tyler Lydon,lydonty01
Vincent Edwards,edwarvi01
Kendrick Perkins,perkike01
Tyrus Thomas,thomaty01
Eugene Omoruyi,omorueu01
Cam Reddish,reddica01
Vernon Carey Jr.,careyve01
Elijah Bryant,bryanel01
David Wear,wearda01
Sam Merrill,merrisa01
Jason Richardson,richaja01
Jarron Cumberland,cumbeja01
Jordan Sibert,siberjo01
Shaq Buchanan,buchash01
Tyler Hall,hallty01
Ryan Gomes,gomesry01
Keith Appling,applike01
Scotty Hopson,hopsosc01
Derrick Williams,willide02
Lamar Patterson,pattela01
Kyle Guy,guyky01
Mindaugas Kuzminskas,kuzmimi01
Sheldon Mac,mcclesh01
JaQuori McLaughlin,mclauja01
Charles Cooke,cookech01
Marcus Georges-Hunt,georgma01
Gal Mekel,mekelga01
Ashton Hagans,haganas01
Shane Edwards,edwarsh01
KZ Okpala,okpalkz01
Vander Blue,blueva01
Julian Washburn,washbju01
JJ O'Brien,obriejj01
Jameel Warney,warneja01
Duane Washington Jr.,washidu02
Jacob Pullen,pulleja01
Will Cherry,cherrwi01
Royal Ivey,iveyro01
Stanton Kidd,kiddst01
Donte Grantham,grantdo01
Damien Wilkins,wilkida02
Luka Garza,garzalu01
Kyle Alexander,alexaky01
Quinndary Weatherspoon,weathqu01
Jarvis Varnado,varnaja01
Dakota Mathias,mathida01
Chris Babb,babbch01
Cat Barber,barbeca01
Chris Smith,smithch05
Adreian Payne,paynead01
Anzejs Pasecniks,pasecan01
Erik McCree,mccreer01
Tyler Cook,cookty01
George King,kingge03
Greg Whittington,whittgr01
Carlik Jones,jonesca03
Solomon Jones,jonesso01
Omari Johnson,johnsom01
Marial Shayok,shayoma01
Jon Teske,teskejo01
Jeremy Pargo,pargoje01
Melvin Ely,elyme01
McKinley Wright IV,wrighmc01
Cassius Winston,winstca01
Joe Chealey,chealjo01
Alex Kirk,kirkal01
Ty-Shon Alexander,alexaty01
Ivan Rabb,rabbiv01
Shamorie Ponds,pondssh01
Darrun Hilliard,hillida01
Ben Moore,moorebe01
Mac McClung,mccluma01
Shayne Whittington,whittsh01
Malik Fitts,fittsma01
Will Magnay,magnawi01
Michael Gbinije,gbinimi01
Patrick McCaw,mccawpa01
RJ Nembhard Jr.,nembhrj01
Carsen Edwards,edwarca01
David Duke Jr.,dukeda01
Darius Johnson-Odom,johnsda03
Mustafa Shakur,shakumu01
Josh Reaves,reavejo02
Daniel Oturu,oturuda01
Petr Cornelie,cornepe01
Glen Davis,davisgl01
Malachi Richardson,richama01
Duje Dukan,dukandu01
Aaron Harrison,harriaa01
Aleksej Pokusevski,pokusal01
Zylan Cheatham,cheatzy01
Earl Clark,clarkea01
Jay Scrubb,scrubja01
Devon Hall,hallde01
Arnoldas Kulboka,kulboar01
Royce White,whitero03
Bol Bol,bolbo01
Andre Dawkins,dawkian01
Sebastian Telfair,telfase01
Charlie Villanueva,villach01
Luis Montero,montelu01
Leandro Bolmaro,bolmale01
Jordan Goodwin,goodwjo01
Caleb Swanigan,swanica01
Jontay Porter,portejo01
Ray Spalding,spaldra01
Chimezie Metu,metuch01
Jamaal Franklin,frankja01
Bryce Dejean-Jones,dejeabr01
Quinn Cook,cookqu01
Chinanu Onuaku,onuakch01
Xavier Sneed,sneedxa01
Jaysean Paige,paigeja01
Ben Bentil,bentibe01
Wayne Selden,seldewa01
Chaundee Brown Jr.,brownch05
Tariq Owens,owensta01
Josh Gray,grayjo01
Marquis Teague,teaguma01
Jalen Jones,jonesja04
Manny Harris,harrima01
Nicolas Laprovittola,laproni01
Melvin Frazier Jr.,frazime01
Zach Norvell Jr.,norveza01
Justin Harper,harpeju01
Greg Oden,odengr01
Cameron Bairstow,bairsca01
Gary Neal,nealga01
Javonte Smart,smartja01
Yves Pons,ponsyv01
Shannon Brown,brownsh01
Micah Potter,pottemi01
Nate Darling,darlina01
Kyle Wiltjer,wiltjky01
Josh Powell,poweljo01
Aaron Henry,henryaa01
James Nunnally,nunnaja01
Jerel McNeal,mcneaje01
Ike Anigbogu,anigbik01
Jeff Ayres,pendeje02
Larry Drew II,drewla02
Isaac Humphries,humphis01
Jabari Bird,birdja01
Paul Zipser,zipsepa01
Bobby Brown,brownbo02
Orlando Johnson,johnsor01
Marshall Plumlee,plumlma02
Robert Sacre,sacrero01
Antawn Jamison,jamisan01
Myles Powell,powelmy01
William Howard,howarwi01
Bryce Cotton,cottobr01
Rawle Alkins,alkinra01
Vic Law,lawvi01
Dionte Christmas,chrisdi01
Damien Inglis,inglida01
Lonnie Walker IV,walkelo01
Elijah Hughes,hugheel01
Antonius Cleveland,clevean01
Tyler Cavanaugh,cavanty01
Brendan Haywood,haywobr01
Joe Young,youngjo01
Terrance Ferguson,fergute01
Kevin Knox II,knoxke01
Cleanthony Early,earlycl01
Chris Clemons,clemoch01
Kenyon Martin Jr.,martike04
Isaiah Briscoe,briscis01
Haywood Highsmith,highsha01
Vincent Poirier,poirivi01
JT Thor,thorjt01
Brandon Boston Jr.,bostobr01
Briante Weber,weberbr01
Justin Wright-Foreman,wrighju02
Nick Richards,richani01
Steve Nash,nashst01
Kay Felder,feldeka01
Isaiah Todd,toddis01
Milton Doyle,doylemi01
Marcus Garrett,garrema01
Brandon Rush,rushbr01
Bonzie Colson,colsobo01
Branden Dawson,dawsobr01
Joe Wieskamp,wieskjo01
Aleem Ford,fordal03
Greg Stiemsma,stiemgr01
Omari Spellman,spellom01
Jeremiah Robinson-Earl,robinje02
James Webb III,webbja01
Kevin Hervey,herveke01
Diamond Stone,stonedi01
Billy Garrett,garrebi01
Hamady Ndiaye,ndiayha01
Harry Giles III,gilesha01
Jeff Dowtin,dowtije01
Kai Jones,joneska01
Deng Adel,adelde01
Darius Morris,morrida01
Damjan Rudez,rudezda01
Ognjen Kuzmic,kuzmiog01
Alex Poythress,poythal01
Patrick Christopher,chrispa01
Trayvon Palmer,palmetr01
Sean McDermott,mcderse01
Johnny O'Bryant III,obryajo01
Jordan Bone,bonejo01
Anthony Bennett,bennean01
Drew Gordon,gordodr01
Jeremy Tyler,tylerje01
Malcolm Thomas,thomama01
Aaron Jackson,jacksaa01
Tibor Pleiss,pleisti01
Ben Gordon,gordobe01
Moses Moody,moodymo01
London Perrantes,perralo01
Admiral Schofield,schofad01
Arnett Moultrie,moultar01
Vitor Faverani,favervi01
Zoran Dragic,dragizo01
Kevin Pangos,pangoke01
Jalen Johnson,johnsja05
Keljin Blevins,blevike01
Nico Mannion,mannini01
Joffrey Lauvergne,lauvejo01
Santi Aldama,aldamsa01
Didi Louzada,louzama01
Peyton Siva,sivape01
Tyler Bey,beyty01
Antonio Blakeney,blakean01
Viacheslav Kravtsov,kravtvi01
Lindell Wigginton,wiggili01
Karim Mane,maneka01
Daniel Ochefu,ochefda01
Grant Jerrett,jerregr01
Doron Lamb,lambdo01
Jamorko Pickett,pickeja01
Sharife Cooper,coopesh01
Patricio Garino,garinpa01
Will Bynum,bynumwi01
Xavier Rathan-Mayes,rathaxa01
Ronnie Brewer,brewero02
Earl Watson,watsoea01
Tony Wroten,wroteto01
Reggie Perry,perryre01
Marko Guduric,gudurma01
Jamaal Tinsley,tinslja01
Georgios Papagiannis,papagge01
Aaron Wiggins,wiggiaa01
Daishen Nix,nixda01
Nick Johnson,johnsni01
Erik Murphy,murpher01
AJ Hammons,hammoaj01
Jared Terrell,terreja01
Rui Hachimura,hachiru01
Jacob Evans,evansja02
Carlos Boozer,boozeca01
Kessler Edwards,edwarke02
Brandon Sampson,sampsbr01
Stephen Zimmerman,zimmest01
Elie Okobo,okoboel01
Zavier Simpson,simpsza01
Tornike Shengelia,shengto01
Andrew Bynum,bynuman01
Brandon Williams,willibr03
Jamel Artis,artisja01
Tre Mann,manntr01
Olivier Sarr,sarrol01
Nemanja Nedovic,nedovne01
Chris Singleton,singlch01
Theo Maledon,maledth01
Hasheem Thabeet,thabeha01
Chauncey Billups,billuch01
Dairis Bertans,bertada02
James Bouknight,bouknja01
Earl Barron,barroea01
Andrew White III,whitean01
Rodney Purvis,purviro01
Jason Collins,collija04
Ayo Dosunmu,dosunay01
Cam Thomas,thomaca02
Sergio Rodriguez,rodrise01
Joshua Primo,primojo01
Jeffery Taylor,tayloje03
Josh Christopher,chrisjo01
Ky Bowman,bowmaky01
Jonathan Kuminga,kuminjo01
Michael Frazier,frazimi01
Keifer Sykes,sykeske01
Vit Krejci,krejcvi01
Killian Hayes,hayeski01
Georgios Kalaitzakis,kalaige01
Diante Garrett,garredi02
Byron Mullens,mulleby01
Sandro Mamukelashvili,mamuksa01
Josh Hall,halljo01
Jabari Brown,brownja01
Tyshawn Taylor,tayloty01
Eric Maynor,maynoer01
Sonny Weems,weemsso01
Jalen Green,greenja05
R.J. Hampton,hamptrj01
Greg Brown III,browngr01
Trendon Watford,watfotr01
Semaj Christon,chrisse01
Keon Johnson,johnske07
James Wiseman,wisemja01
Kevin Knox,knoxke01
