player_name,player_id,id_num
Stephen Curry,curryst01,1
Nikola Jokic,jokicni01,2
James Harden,hardeja01,3
Chris Paul,paulch01,4
Draymond Green,greendr01,5
Paul George,georgpa01,6
Kevin Durant,duranke01,7
Kawhi Leonard,leonaka01,8
Anthony Davis,davisan02,9
LeBron James,jamesle01,10
Jimmy Butler,butleji01,11
Russell Westbrook,westbru01,12
Kevin Love,loveke01,13
Damian Lillard,lillada01,14
Jayson Tatum,tatumja01,15
Rudy Gobert,goberru01,16
Joel Embiid,embiijo01,17
Victor Oladipo,oladivi01,18
Joakim Noah,noahjo01,19
Kyle Lowry,lowryky01,20
Kemba Walker,walkeke02,21
Giannis Antetokounmpo,antetgi01,22
Mike Conley,conlemi01,23
Jrue Holiday,holidjr01,24
Kyrie Irving,irvinky01,25
Goran Dragic,dragigo01,26
Bradley Beal,bealbr01,27
Danny Green,greenda02,28
DeAndre Jordan,jordade01,29
Karl-Anthony Towns,townska01,30
Klay Thompson,thompkl01,31
Nikola Vucevic,vucevni01,32
Jusuf Nurkic,nurkiju01,33
Luka Doncic,doncilu01,34
Dirk Nowitzki,nowitdi01,35
DeMarcus Cousins,couside01,36
Robert Covington,covinro01,37
Trae Young,youngtr01,38
Carmelo Anthony,anthoca01,39
Isaiah Thomas,thomais02,40
Eric Bledsoe,bledser01,41
Blake Griffin,griffbl01,42
Fred VanVleet,vanvlfr01,43
John Wall,walljo01,44
Marc Gasol,gasolma01,45
Kyle Korver,korveky01,46
Khris Middleton,middlkh01,47
Andre Drummond,drumman01,48
Devin Booker,bookede01,49
Ben Simmons,simmobe01,50
Darius Garland,garlada01,51
Otto Porter Jr.,porteot01,52
LaMarcus Aldridge,aldrila01,53
Steven Adams,adamsst01,54
Ricky Rubio,rubiori01,55
Clint Capela,capelca01,56
Gordon Hayward,haywago01,57
CJ McCollum,mccolcj01,58
Julius Randle,randlju01,59
Al Horford,horfoal01,60
Danilo Gallinari,gallida01,61
JJ Redick,redicjj01,62
Mikal Bridges,bridgmi01,63
Wesley Matthews,matthwe02,64
Mario Chalmers,chalmma01,65
Derrick White,whitede01,66
Paul Millsap,millspa01,67
Robin Lopez,lopezro01,68
Kentavious Caldwell-Pope,caldwke01,69
Marvin Williams,willima02,70
Marcin Gortat,gortama01,71
Pascal Siakam,siakapa01,72
DeMarre Carroll,carrode01,73
Terry Rozier,roziete01,74
Nicolas Batum,batumni01,75
Marcus Smart,smartma01,76
Domantas Sabonis,sabondo01,77
DeMar DeRozan,derozde01,78
Joe Ingles,inglejo01,79
Dejounte Murray,murrade01,80
Lou Williams,willilo02,81
Trevor Ariza,arizatr01,82
Desmond Bane,banede01,83
Patrick Beverley,beverpa01,84
Tim Duncan,duncati01,85
Andre Iguodala,iguodan01,86
Pau Gasol,gasolpa01,87
Jakob Poeltl,poeltja01,88
Darren Collison,collida01,89
Donovan Mitchell,mitchdo01,90
Josh Richardson,richajo01,91
Tristan Thompson,thomptr01,92
Ty Lawson,lawsoty01,93
Zach Randolph,randoza01,94
Chandler Parsons,parsoch01,95
Derrick Favors,favorde01,96
Jarrett Allen,allenja01,97
Miles Bridges,bridgmi02,98
Brook Lopez,lopezbr01,99
Rudy Gay,gayru01,100
Manu Ginobili,ginobma01,101
George Hill,hillge01,102
Thaddeus Young,youngth01,103
Kristaps Porzingis,porzikr01,104
Serge Ibaka,ibakase01,105
Montrezl Harrell,harremo01,106
Jaylen Brown,brownja02,107
Anderson Varejao,varejan01,108
Tyson Chandler,chandty01,109
Deron Williams,willide01,110
Jeff Teague,teaguje01,111
Jeremy Lamb,lambje01,112
D'Angelo Russell,russeda01,113
David West,westda01,114
Alec Burks,burksal01,115
Jae Crowder,crowdja01,116
Hassan Whiteside,whiteha01,117
Tyrese Haliburton,halibty01,118
Bam Adebayo,adebaba01,119
LaMelo Ball,ballla01,120
Spencer Dinwiddie,dinwisp01,121
Channing Frye,fryech01,122
Immanuel Quickley,quickim01,123
Duncan Robinson,robindu01,124
Zion Williamson,willizi01,125
Tony Allen,allento01,126
Tobias Harris,harrito02,127
De'Aaron Fox,foxde01,128
James Johnson,johnsja01,129
Andre Roberson,roberan03,130
Patty Mills,millspa02,131
Nikola Mirotic,mirotni01,132
Monta Ellis,ellismo01,133
Malcolm Brogdon,brogdma01,134
Dwight Howard,howardw01,135
Gary Harris,harriga01,136
Vince Carter,cartevi01,137
PJ Tucker,tuckepj01,138
Jalen Brunson,brunsja01,139
Anthony Edwards,edwaran01,140
Ja Morant,moranja01,141
Kyle Anderson,anderky01,142
Michael Kidd-Gilchrist,kiddgmi01,143
Buddy Hield,hieldbu01,144
Roy Hibbert,hibbero01,145
Jamal Murray,murraja01,146
Luol Deng,denglu01,147
Joe Harris,harrijo01,148
Eric Gordon,gordoer01,149
Monte Morris,morrimo01,150
Tyreke Evans,evansty01,151
Jordan Clarkson,clarkjo01,152
Andrew Wiggins,wiggian01,153
Amir Johnson,johnsam01,154
Zach LaVine,lavinza01,155
Ersan Ilyasova,ilyaser01,156
Tim Hardaway Jr.,hardati02,157
Myles Turner,turnemy01,158
Mitchell Robinson,robinmi01,159
Reggie Jackson,jacksre01,160
Andrew Bogut,bogutan01,161
Jared Dudley,dudleja01,162
Dwight Powell,poweldw01,163
Davis Bertans,bertada01,164
Royce O'Neale,onealro01,165
Al Jefferson,jeffeal01,166
Robert Williams III,williro04,167
Ryan Anderson,anderry01,168
Will Barton,bartowi01,169
John Collins,collijo01,170
Tyler Johnson,johnsty01,171
Matt Barnes,barnema02,172
Garrison Mathews,mathega01,173
Nikola Pekovic,pekovni01,174
David Lee,leeda02,175
Gary Payton II,paytoga02,176
Anthony Morrow,morroan01,177
Cameron Johnson,johnsca02,178
Corey Brewer,breweco01,179
Franz Wagner,wagnefr01,180
Jonas Valanciunas,valanjo01,181
Ivica Zubac,zubaciv01,182
Paul Pierce,piercpa01,183
Donte DiVincenzo,divindo01,184
Rodney Hood,hoodro01,185
Christian Wood,woodch01,186
Greg Monroe,monrogr01,187
Luc Mbah a Moute,mbahalu01,188
Jaren Jackson Jr.,jacksja02,189
Al-Farouq Aminu,aminual01,190
Michael Porter Jr.,portemi01,191
Herbert Jones,joneshe01,192
Patrick Patterson,pattepa01,193
Zaza Pachulia,pachuza01,194
Taj Gibson,gibsota01,195
Delon Wright,wrighde01,196
Bobby Portis,portibo01,197
De'Anthony Melton,meltode01,198
Chris Bosh,boshch01,199
Gorgui Dieng,dienggo01,200
Dorian Finney-Smith,finnedo01,201
Shai Gilgeous-Alexander,gilgesh01,202
T.J. McConnell,mccontj01,203
Devonte' Graham,grahade01,204
Justin Holiday,holidju01,205
Scottie Barnes,barnesc01,206
Cory Joseph,josepco01,207
Seth Curry,curryse01,208
Ed Davis,davised01,209
Alex Caruso,carusal01,210
Enes Kanter,kanteen01,211
Aaron Gordon,gordoaa01,212
Jerami Grant,grantje01,213
Jarred Vanderbilt,vandeja01,214
Bogdan Bogdanovic,bogdabo01,215
JR Smith,smithjr01,216
Devin Harris,harride01,217
Nemanja Bjelica,bjeline01,218
Tyler Herro,herroty01,219
Larry Nance Jr.,nancela02,220
Josh McRoberts,mcrobjo01,221
Elfrid Payton,paytoel01,222
Marcus Morris,morrima03,223
Keldon Johnson,johnske04,224
Jared Sullinger,sullija01,225
Avery Bradley,bradlav01,226
Randy Foye,foyera01,227
Derrick Rose,rosede01,228
Kevon Looney,looneke01,229
Richaun Holmes,holmeri01,230
Courtney Lee,leeco01,231
Allen Crabbe,crabbal01,232
Marco Belinelli,belinma01,233
Timofey Mozgov,mozgoti01,234
Jeremy Lin,linje01,235
Brandon Ingram,ingrabr01,236
Terrence Ross,rosste01,237
Jordan Poole,poolejo01,238
T.J. Warren,warretj01,239
P.J. Tucker,tuckepj01,240
Mike Dunleavy,dunlemi02,241
Wilson Chandler,chandwi01,242
Harrison Barnes,barneha02,243
CJ Miles,milescj01,244
Ish Smith,smithis01,245
Gary Trent Jr.,trentga02,246
Kelly Olynyk,olynyke01,247
Shane Battier,battish01,248
Lonzo Ball,balllo01,249
Anthony Tolliver,tollian01,250
Matisse Thybulle,thybuma01,251
Kris Humphries,humphkr01,252
Matthew Dellavedova,dellama01,253
Deandre Ayton,aytonde01,254
Jonas Jerebko,jerebjo01,255
Tiago Splitter,splitti01,256
Bojan Bogdanovic,bogdabo02,257
Evan Fournier,fournev01,258
Deni Avdija,avdijde01,259
OG Anunoby,anunoog01,260
Dennis Schroder,schrode01,261
Kent Bazemore,bazemke01,262
Shaun Livingston,livinsh01,263
Yogi Ferrell,ferreyo01,264
Terance Mann,mannte01,265
Facundo Campazzo,campafa01,266
Cameron Payne,payneca01,267
Luguentz Dort,dortlu01,268
Cody Martin,martico01,269
Boris Diaw,diawbo01,270
Dario Saric,saricda01,271
Shabazz Napier,napiesh01,272
Tyus Jones,jonesty01,273
Jonathan Isaac,isaacjo01,274
Caleb Martin,martica02,275
Derek Fisher,fishede01,276
Jae'Sean Tate,tateja01,277
Maurice Harkless,harklma01,278
Dwyane Wade,wadedw01,279
Iman Shumpert,shumpim01,280
Joe Johnson,johnsjo02,281
Raul Neto,netora01,282
Dion Waiters,waitedi01,283
Malik Monk,monkma01,284
Jose Alvarado,alvarjo01,285
Norman Powell,powelno01,286
Cody Zeller,zelleco01,287
J.J. Barea,bareajo01,288
Aaron Holiday,holidaa01,289
Brandon Clarke,clarkbr01,290
Lance Stephenson,stephla01,291
Michael Carter-Williams,cartemi01,292
Langston Galloway,gallola01,293
Brandon Jennings,jennibr01,294
Garrett Temple,templga01,295
Chris Boucher,bouchch01,296
Luke Kennard,kennalu01,297
Dewayne Dedmon,dedmode01,298
Max Strus,strusma01,299
Rondae Hollis-Jefferson,holliro01,300
Wendell Carter Jr.,cartewe01,301
Nene,hilarne01,302
Kenneth Faried,farieke01,303
Maxi Kleber,klebima01,304
Josh Smith,smithjo03,305
Javonte Green,greenja02,306
Derrick Jones Jr.,jonesde02,307
Ben McLemore,mclembe01,308
Kirk Hinrich,hinriki01,309
Isaiah Hartenstein,harteis01,310
Gerald Henderson,hendege02,311
Chris Andersen,anderch01,312
Kris Dunn,dunnkr01,313
Thabo Sefolosha,sefolth01,314
Nick Young,youngni01,315
Markieff Morris,morrima02,316
Lauri Markkanen,markkla01,317
Tomas Satoransky,satorto01,318
Spencer Hawes,hawessp01,319
Tyrese Maxey,maxeyty01,320
Daniel Theis,theisda01,321
Jamal Crawford,crawfja01,322
RJ Barrett,barrerj01,323
Brandan Wright,wrighbr03,324
Brandon Knight,knighbr03,325
Bruce Brown,brownbr01,326
Josh Hart,hartjo01,327
Ian Mahinmi,mahinia01,328
Austin Reaves,reaveau01,329
Gerald Green,greenge01,330
Pat Connaughton,connapa01,331
Aron Baynes,baynear01,332
Omer Asik,asikom01,333
Marcus Morris Sr.,morrima03,334
Dillon Brooks,brookdi01,335
JaVale McGee,mcgeeja01,336
Isaiah Stewart,stewais01,337
Mason Plumlee,plumlma01,338
Caris LeVert,leverca01,339
Omri Casspi,casspom01,340
Jason Terry,terryja01,341
JaMychal Green,greenja01,342
Wayne Ellington,ellinwa01,343
D.J. Augustin,augusdj01,344
C.J. Watson,watsocj01,345
Rajon Rondo,rondora01,346
Luis Scola,scolalu01,347
Alan Anderson,anderal01,348
Jose Calderon,caldejo01,349
Donatas Motiejunas,motiedo01,350
Rodney Stuckey,stuckro01,351
Kenrich Williams,willike04,352
Tre Jones,jonestr01,353
Jodie Meeks,meeksjo01,354
Grayson Allen,allengr01,355
Kyle Singler,singlky01,356
Trevor Booker,booketr01,357
Pablo Prigioni,prigipa01,358
Kelly Oubre Jr.,oubreke01,359
Kevin Porter Jr.,porteke02,360
Furkan Korkmaz,korkmfu01,361
Mirza Teletovic,teletmi01,362
Josh Okogie,okogijo01,363
Reggie Bullock,bullore01,364
Terence Davis,daviste02,365
Nick Collison,collini01,366
Tony Parker,parketo01,367
Justise Winslow,winslju01,368
Kyle O'Quinn,oquinky01,369
Kevin Huerter,huertke01,370
Trey Burke,burketr01,371
Bones Hyland,hylanbo01,372
Nate Wolters,woltena01,373
Solomon Hill,hillso01,374
Amar'e Stoudemire,stoudam01,375
Mike Muscala,muscami01,376
Mo Williams,willima01,377
John Konchar,konchjo01,378
Danuel House Jr.,houseda01,379
Trey Lyles,lylestr01,380
Samuel Dalembert,dalemsa01,381
Landry Shamet,shamela01,382
Jeremy Evans,evansje01,383
Jerian Grant,grantje02,384
Georges Niang,niangge01,385
Andray Blatche,blatcan01,386
Ray Allen,allenra02,387
Greivis Vasquez,vasqugr01,388
Nick Calathes,calatni01,389
Willie Cauley-Stein,caulewi01,390
Gabe Vincent,vincega01,391
Noah Vonleh,vonleno01,392
Onyeka Okongwu,okongon01,393
Tyler Zeller,zellety01,394
Shelvin Mack,macksh01,395
Tony Snell,snellto01,396
Khem Birch,birchkh01,397
Chris Duarte,duartch01,398
Precious Achiuwa,achiupr01,399
Isaac Bonga,bongais01,400
Nerlens Noel,noelne01,401
Raymond Felton,feltora01,402
Nassir Little,littlna01,403
Shaquille Harrison,harrish01,404
Tarik Black,blackta01,405
De'Andre Hunter,huntede01,406
Ryan Arcidiacono,arcidry01,407
Kosta Koufos,koufoko01,408
Damion Lee,leeda03,409
Nicolas Claxton,claxtni01,410
Evan Turner,turneev01,411
Terrence Jones,joneste01,412
Jeff Green,greenje02,413
Bismack Biyombo,biyombi01,414
Lavoy Allen,allenla01,415
Daniel Gafford,gaffoda01,416
Marcus Thornton,thornma01,417
Tyler Hansbrough,hansbty01,418
David Nwaba,nwabada01,419
Malik Beasley,beaslma01,420
Wesley Johnson,johnswe01,421
Josh Jackson,jacksjo02,422
Nate Robinson,robinna01,423
Anfernee Simons,simonan01,424
Alex Len,lenal01,425
E'Twaun Moore,mooreet01,426
Darrell Arthur,arthuda01,427
Hamidou Diallo,diallha01,428
Boban Marjanovic,marjabo01,429
Dorell Wright,wrighdo01,430
Marreese Speights,speigma01,431
Jordan Bell,belljo01,432
Lucas Nogueira,noguelu01,433
Darius Miller,milleda01,434
James Ennis III,ennisja01,435
Payton Pritchard,pritcpa01,436
Kevin Garnett,garneke01,437
Devin Vassell,vassede01,438
Isaac Okoro,okorois01,439
Juan Toscano-Anderson,toscaju01,440
PJ Dozier,doziepj01,441
Evan Mobley,mobleev01,442
Ekpe Udoh,udohek01,443
Luke Kornet,kornelu01,444
Shake Milton,miltosh01,445
Jon Leuer,leuerjo01,446
Jaden McDaniels,mcdanja02,447
Drew Gooden,goodedr01,448
Alan Williams,willial03,449
Alexis Ajinca,ajincal01,450
Kendrick Nunn,nunnke01,451
Austin Rivers,riverau01,452
Meyers Leonard,leoname01,453
Xavier Henry,henryxa01,454
Mario Hezonja,hezonma01,455
Tony Bradley,bradlto01,456
Kyle Kuzma,kuzmaky01,457
Mo Bamba,bambamo01,458
Kenyon Martin,martike01,459
Chuma Okeke,okekech01,460
Dean Wade,wadede01,461
Talen Horton-Tucker,hortota01,462
Grant Williams,willigr01,463
Amir Coffey,coffeam01,464
Frank Ntilikina,ntilila01,465
John Henson,hensojo01,466
Troy Daniels,danietr01,467
Torrey Craig,craigto01,468
Sam Dekker,dekkesa01,469
Andre Miller,millean02,470
Rashard Lewis,lewisra02,471
Jan Vesely,veselja01,472
Juancho Hernangomez,hernaju01,473
Davion Mitchell,mitchda01,474
Gerald Wallace,wallage01,475
Timothe Luwawu-Cabarrot,luwawti01,476
Jordan McLaughlin,mclaujo01,477
Brandon Bass,bassbr01,478
Jeff Withey,witheje01,479
Festus Ezeli,ezelife01,480
Jevon Carter,carteje01,481
Shabazz Muhammad,muhamsh01,482
Jerryd Bayless,bayleje01,483
Svi Mykhailiuk,mykhasv01,484
Ronnie Price,pricero01,485
Cole Aldrich,aldrico01,486
Naz Reid,reidna01,487
Jason Thompson,thompja02,488
Kevin Martin,martike02,489
Jordan Hill,hilljo01,490
Josh Green,greenjo02,491
DeAndre' Bembry,bembrde01,492
Alex Abrines,abrinal01,493
Aaron Brooks,brookaa01,494
Jabari Parker,parkeja01,495
Beno Udrih,udrihbe01,496
Rasual Butler,butlera01,497
Elton Brand,brandel01,498
Marquese Chriss,chrisma01,499
Brian Roberts,roberbr01,500
Pero Antic,anticpe01,501
Richard Jefferson,jefferi01,502
Tyler Ennis,ennisty01,503
Steve Blake,blakest01,504
Elijah Millsap,millsel01,505
Sasha Vujacic,vujacsa01,506
Shawn Marion,mariosh01,507
Ronny Turiaf,turiaro01,508
Dante Cunningham,cunnida01,509
Luke Babbitt,babbilu01,510
Stanley Johnson,johnsst04,511
Dennis Smith Jr.,smithde03,512
Cristiano Felicio,feliccr01,513
P.J. Washington,washipj01,514
Salah Mejri,mejrisa01,515
Robbie Hummel,hummero01,516
TJ Leaf,leaftj01,517
Doug McDermott,mcderdo01,518
Martell Webster,webstma02,519
Xavier Tillman,tillmxa01,520
Michael Beasley,beaslmi01,521
Jordan Farmar,farmajo01,522
Arron Afflalo,afflaar01,523
Willy Hernangomez,hernawi01,524
Sindarius Thornwell,thornsi01,525
Troy Brown Jr.,browntr01,526
Lance Thomas,thomala01,527
Andrew Harrison,harrian01,528
Obi Toppin,toppiob01,529
Jordan Crawford,crawfjo02,530
Andrew Nicholson,nichoan01,531
Jaylen Nowell,nowelja01,532
Denzel Valentine,valende01,533
Brad Wanamaker,wanambr01,534
Mike Scott,scottmi01,535
Frank Kaminsky,kaminfr01,536
Thomas Robinson,robinth01,537
Taurean Prince,princta02,538
Cade Cunningham,cunnica01,539
Josh Giddey,giddejo01,540
Jameer Nelson,nelsoja01,541
Jaxson Hayes,hayesja02,542
Rodney McGruder,mcgruro01,543
Cedi Osman,osmande01,544
Chuck Hayes,hayesch01,545
Josh Harrellson,harrejo01,546
Thomas Bryant,bryanth01,547
Joel Freeland,freeljo01,548
Quincy Acy,acyqu01,549
Quentin Grimes,grimequ01,550
Nickeil Alexander-Walker,alexani01,551
Shawne Williams,willish03,552
Oshae Brissett,brissos01,553
Khyri Thomas,thomakh01,554
Chris Douglas-Roberts,douglch01,555
Jalen McDaniels,mcdanja01,556
Matt Thomas,thomama02,557
Matt Bonner,bonnema01,558
Toney Douglas,douglto01,559
Mike James,jamesmi02,560
Treveon Graham,grahatr01,561
Ramon Sessions,sessira01,562
Ron Baker,bakerro01,563
Phil Pressey,pressph01,564
Marvin Bagley III,baglema01,565
Cory Jefferson,jeffeco01,566
Glenn Robinson III,robingl02,567
O.J. Mayo,mayooj01,568
Tim Frazier,fraziti01,569
Lindy Waters III,waterli01,570
Jimmer Fredette,fredeji01,571
Isaiah Canaan,canaais01,572
Trey Murphy III,murphtr02,573
MarShon Brooks,brookma01,574
Jalen Suggs,suggsja01,575
D.J. Wilson,wilsodj01,576
Ryan Kelly,kellyry01,577
Willie Reed,reedwi02,578
Day'Ron Sharpe,sharpda01,579
Miles Plumlee,plumlmi01,580
Ty Jerome,jeromty01,581
Jermaine O'Neal,onealje01,582
Drew Eubanks,eubandr01,583
Moritz Wagner,wagnemo01,584
Markelle Fultz,fultzma01,585
Nic Claxton,claxtni01,586
Malachi Flynn,flynnma01,587
Caron Butler,butleca01,588
Trent Forrest,forretr01,589
Tayshaun Prince,princta01,590
Enes Freedom,kanteen01,591
Shane Larkin,larkish01,592
Davon Reed,reedda01,593
Justin Jackson,jacksju01,594
Jake Layman,laymaja01,595
Chase Budinger,budinch01,596
Mike Harris,harrimi01,597
Steve Novak,novakst01,598
Isaiah Taylor,taylois01,599
Isaiah Joe,joeis01,600
Dante Exum,exumda01,601
Sergey Karasev,karasse01,602
Kendall Marshall,marshke01,603
Metta World Peace,artesro01,604
Jalen Smith,smithja04,605
C.J. Williams,willicj01,606
Kadeem Allen,allenka01,607
Chris Chiozza,chiozch01,608
Lou Amundson,amundlo01,609
Bryn Forbes,forbebr01,610
Marcelo Huertas,huertma01,611
Malcolm Delaney,delanma01,612
Henry Sims,simshe01,613
Eric Moreland,moreler01,614
Naji Marshall,marshna01,615
Nik Stauskas,stausni01,616
Chris Kaman,kamanch01,617
JaKarr Sampson,sampsja02,618
Semi Ojeleye,ojelese01,619
Cole Anthony,anthoco01,620
Henry Walker,walkebi01,621
DeJuan Blair,blairde01,622
Coby White,whiteco01,623
Jonathon Simmons,simmojo02,624
Larry Sanders,sandela01,625
Damyean Dotson,dotsoda01,626
Bruno Caboclo,cabocbr01,627
Perry Jones III,jonespe01,628
Alonzo Gee,geeal01,629
Alexey Shved,shvedal01,630
Corey Kispert,kispeco01,631
Frank Jackson,jacksfr01,632
Anthony Gill,gillan01,633
Ryan Broekhoff,broekry01,634
Saddiq Bey,beysa01,635
Jordan Hamilton,hamiljo02,636
Gustavo Ayon,ayongu01,637
Jeremiah Martin,martije02,638
Cartier Martin,martica01,639
Alize Johnson,johnsal02,640
Troy Williams,willitr02,641
Danny Granger,grangda01,642
Jordan Adams,adamsjo01,643
Keita Bates-Diop,bateske01,644
Jarrett Jack,jackja01,645
Milos Teodosic,teodomi01,646
Donald Sloan,sloando01,647
Yuta Watanabe,watanyu01,648
Isaiah Jackson,jacksis01,649
Alfonzo McKinnie,mckinal01,650
Braxton Key,keybr01,651
Hollis Thompson,thompho01,652
Bernard James,jamesbe01,653
Omer Yurtseven,yurtsom01,654
Tacko Fall,fallta01,655
Goga Bitadze,bitadgo01,656
Andrei Kirilenko,kirilan01,657
PJ Hairston,hairspj02,658
Chris Johnson,johnsch04,659
Francisco Garcia,garcifr01,660
DaQuan Jeffries,jeffrda01,661
KJ McDaniels,mcdankj01,662
Chasson Randle,randlch01,663
AJ Price,priceaj01,664
Jemerrio Jones,jonesje01,665
Ziaire Williams,willizi02,666
Carl Landry,landrca01,667
Darius Bazley,bazleda01,668
Miles McBride,mcbrimi01,669
Nathan Knight,knighna01,670
Thanasis Antetokounmpo,antetth01,671
Dylan Windler,windldy01,672
Devontae Cacok,cacokde01,673
Dakari Johnson,johnsda04,674
Wenyen Gabriel,gabriwe01,675
Frank Mason,masonfr01,676
Shawn Long,longsh01,677
Jericho Sims,simsje01,678
Jordan McRae,mcraejo01,679
Paul Reed,reedpa01,680
Sam Hauser,hausesa01,681
Justin Hamilton,hamilju01,682
Markel Brown,brownma02,683
Cheick Diallo,diallch01,684
Quincy Miller,millequ01,685
Sterling Brown,brownst02,686
Jamil Wilson,wilsoja02,687
Donta Hall,halldo01,688
Sean Kilpatrick,kilpase01,689
Victor Claver,clavevi01,690
Jawun Evans,evansja01,691
Skal Labissiere,labissk01,692
Julyan Stone,stoneju01,693
P.J. Dozier,doziepj01,694
Quincy Pondexter,pondequ01,695
Jason Smith,smithja02,696
Hedo Turkoglu,turkohe01,697
Romeo Langford,langfro01,698
Casper Ware,wareca01,699
Brandon Paul,paulbr01,700
Xavier Munford,munfoxa02,701
Justin Anderson,anderju01,702
Zach Collins,colliza01,703
Maurice Ndour,ndourma01,704
Louis King,kinglo02,705
Abdel Nader,naderab01,706
Kyle Collinsworth,colliky01,707
Ryan Hollins,holliry01,708
Kelan Martin,martike03,709
Skylar Mays,mayssk01,710
Justin Champagnie,champju01,711
DeAndre Liggins,liggide01,712
Malcolm Miller,millema01,713
Kira Lewis Jr.,lewiski01,714
Joel Anthony,anthojo01,715
Devon Dotson,dotsode01,716
James Jones,jonesja02,717
CJ Wilcox,wilcocj01,718
Josh Huestis,huestjo01,719
Travis Wear,weartr01,720
Jordan Nwora,nworajo01,721
Lorenzo Brown,brownlo01,722
Jack Cooley,cooleja01,723
Gigi Datome,datomlu01,724
Jeff Adrien,adrieje01,725
Jared Harper,harpeja01,726
Andre Ingram,ingraan01,727
Mitch McGary,mcgarmi01,728
Norris Cole,coleno01,729
Joey Dorsey,dorsejo01,730
Wes Iwundu,iwundwe01,731
Kevin Seraphin,serapke01,732
Alec Peters,peteral01,733
Gary Clark,clarkga01,734
Pierre Jackson,jackspi01,735
Nicolo Melli,mellini01,736
Emeka Okafor,okafoem01,737
Alperen Sengun,sengual01,738
Mychal Mulder,muldemy01,739
Markus Howard,howarma02,740
Brodric Thomas,thomabr01,741
Devin Robinson,robinde01,742
Leandro Barbosa,barbole01,743
Ante Zizic,zizican01,744
Ish Wainright,wainris01,745
Chandler Hutchison,hutchch01,746
Mike Miller,millemi01,747
Terry Taylor,taylote01,748
Marcus Derrickson,derrima01,749
Shavlik Randolph,randosh01,750
Jalen Harris,harrija01,751
Kostas Papanikolaou,papanko01,752
Jonah Bolden,boldejo01,753
Josh Magette,magetjo01,754
Andrew Goudelock,goudean01,755
Collin Sexton,sextoco01,756
Thon Maker,makerth01,757
Adam Mokoka,mokokad01,758
Isaiah Roby,robyis01,759
Edy Tavares,tavarwa01,760
Tyrone Wallace,wallaty01,761
Saben Lee,leesa01,762
Jared Cunningham,cunnija01,763
Rodions Kurucs,kurucro01,764
Kobe Bryant,bryanko01,765
Andrea Bargnani,bargnan01,766
Moses Brown,brownmo01,767
Charles Bassey,bassech01,768
Dzanan Musa,musadz01,769
Mfiondu Kabengele,kabenmf01,770
Paul Watson,watsopa01,771
Brandon Goodwin,goodwbr01,772
Guerschon Yabusele,yabusgu01,773
Sekou Doumbouya,doumbse01,774
Derrick Walton Jr.,waltode01,775
Luke Ridnour,ridnolu01,776
Jannero Pargo,pargoja01,777
Gian Clavell,clavegi01,778
John Salmons,salmojo01,779
Myke Henry,henrymy01,780
Ian Clark,clarkia01,781
Rashad Vaughn,vaughra01,782
Isaiah Whitehead,whiteis01,783
Daniel Orton,ortonda01,784
Damian Jones,jonesda03,785
Scott Machado,machasc01,786
Charlie Brown Jr.,brownch02,787
Furkan Aldemir,aldemfu01,788
Jock Landale,landajo01,789
Nando De Colo,decolna01,790
Wade Baldwin IV,baldwwa01,791
Aaron Nesmith,nesmiaa01,792
Mamadi Diakite,diakima01,793
JJ Hickson,hicksjj01,794
RJ Hunter,hunterj01,795
Naz Mitrou-Long,mitrona01,796
Juwan Morgan,morgaju01,797
James Southerland,southja01,798
Hassani Gravett,graveha01,799
Tony L. Mitchell,mitchto02,800
Tremont Waters,watertr01,801
Lester Hudson,hudsole01,802
Isaiah Livers,liveris01,803
Jared Butler,butleja02,804
Landry Fields,fieldla01,805
Xavier Moon,moonxa01,806
Freddie Gillespie,gillefr01,807
Jaron Blossomgame,blossja01,808
Charles Brown Jr.,brownch02,809
Al Harrington,harrial01,810
Brice Johnson,johnsbr02,811
Malcolm Hill,hillma01,812
Troy Caupain,caupatr01,813
Nazr Mohammed,mohamna01,814
Rayjon Tucker,tuckera01,815
Miroslav Raduljica,radulmi01,816
Anthony Randolph,randoan01,817
Deonte Burton,burtode02,818
Jarnell Stokes,stokeja01,819
Trevelin Queen,queentr01,820
Jacob Wiley,wileyja01,821
Theo Pinson,pinsoth01,822
Gabriel Deck,deckga01,823
Deyonta Davis,davisde01,824
Axel Toupane,toupaax01,825
Tyrell Terry,terryty01,826
Udoka Azubuike,azubuud01,827
Miye Oni,onimi01,828
Luka Samanic,samanlu01,829
Daniel Hamilton,hamilda02,830
Joel Bolomboy,bolomjo01,831
Othyus Jeffers,jeffeot01,832
Mangok Mathiang,mathima01,833
James Michael McAdoo,mcadoja01,834
Jordan Mickey,mickejo01,835
Roger Mason Jr.,masonro01,836
Jay Huff,huffja01,837
Bruno Fernando,fernabr01,838
Dwight Buycks,buyckdw01,839
Tyler Ulis,ulisty01,840
David Stockton,stockda01,841
Matt Mooney,moonema01,842
Johnathan Motley,motlejo01,843
Jorge Gutierrez,gutiejo01,844
Chris Wright,wrighch01,845
Toure' Murry,murryto01,846
Alex Stepheson,stephal01,847
Yante Maten,matenya01,848
Dwayne Bacon,bacondw01,849
Mike L. James,jamesmi01,850
Adonis Thomas,thomaad01,851
Cameron McGriff,mcgrica01,852
Ricky Ledo,ledori01,853
Willie Green,greenwi01,854
Zhaire Smith,smithzh01,855
Johnathan Williams,willijo04,856
Glen Rice,ricegl02,857
Jahlil Okafor,okafoja01,858
Craig Sword,swordcr01,859
Stephen Jackson,jacksst02,860
Tahjere McCall,mccalta01,861
Tony Mitchell,mitchto03,862
Jason Maxiell,maxieja01,863
Henry Ellenson,ellenhe01,864
Arinze Onuaku,onuakar01,865
Archie Goodwin,goodwar01,866
Jaylen Morris,morrija01,867
Gabriel Lundberg,lundbga01,868
Zeke Nnaji,nnajize01,869
Josh Childress,childjo01,870
Nigel Hayes,hayesni01,871
Amile Jefferson,jeffeam01,872
Keith Bogans,boganke01,873
Eric Mika,mikaer01,874
Tim Quarterman,quartti01,875
Chris Copeland,copelch01,876
Patrick Williams,willipa01,877
Ray McCallum,mccalra01,878
Dusty Hannahs,hannadu01,879
Cameron Reynolds,reynoca01,880
Hilton Armstrong,armsthi01,881
Norvel Pelle,pelleno01,882
Mitchell Creek,creekmi01,883
Elliot Williams,williel01,884
Thomas Welsh,welshth01,885
Usman Garuba,garubus01,886
Lamar Stevens,stevela01,887
Reggie Williams,willire02,888
Marko Simonovic,simonma01,889
Marques Bolden,boldema01,890
Udonis Haslem,hasleud01,891
Xavier Silas,silasxa01,892
Alen Smailagic,smailal01,893
Demetrius Jackson,jacksde01,894
Jarrell Brantley,brantja01,895
Jonathan Gibson,gibsojo01,896
Kostas Antetokounmpo,antetko01,897
Dalano Banton,bantoda01,898
Reggie Evans,evansre01,899
Vincent Hunter,huntevi01,900
Chris McCullough,mcculch01,901
Gabe York,yorkga01,902
Killian Tillie,tilliki02,903
Devyn Marble,marblde01,904
John Lucas III,lucasjo02,905
Justin James,jamesju01,906
Matt Costello,costema01,907
BJ Johnson,johnsbj01,908
Malik Newman,newmama01,909
Armoni Brooks,brookar01,910
Jalen Lecque,lecquja01,911
Sasha Kaun,kaunsa01,912
Dewan Hernandez,hernade01,913
Anthony Brown,brownan02,914
John Jenkins,jenkijo01,915
Austin Daye,dayeau01,916
MJ Walker,walkemj01,917
Vlatko Cancar,cancavl01,918
Russ Smith,smithru01,919
Walter Lemon Jr.,lemonwa01,920
Matt Williams Jr.,willima05,921
Emanuel Terry,terryem01,922
Jerome Robinson,robinje01,923
Dahntay Jones,jonesda02,924
James Young,youngja01,925
Allonzo Trier,trieral01,926
Neemias Queta,quetane01,927
Angel Delgado,delgaan01,928
Ignas Brazdeikis,brazdig01,929
Chris Silva,silvach01,930
Devin Cannady,cannade01,931
Coty Clarke,clarkco01,932
Jordan Schakel,schakjo01,933
Travis Outlaw,outlatr01,934
Isaiah Hicks,hicksis01,935
Brandon Davies,daviebr01,936
Javin DeLaurier,delauja01,937
Mike Tobey,tobeymi01,938
Trevon Scott,scotttr01,939
Justin Patton,pattoju01,940
Carrick Felix,felixca01,941
Trevon Duval,duvaltr01,942
Erick Green,greener01,943
T.J. Leaf,leaftj01,944
Jarell Eddie,eddieja01,945
DJ Stephens,stephdj01,946
Greg Smith,smithgr02,947
Jarrett Culver,culveja01,948
Dexter Pittman,pittmde01,949
Cassius Stanley,stanlca01,950
Deividas Sirvydis,sirvyde01,951
Grant Riller,rillegr01,952
Marcus Paige,paigema01,953
Jarell Martin,martija01,954
Maalik Wayns,waynsma01,955
Sim Bhullar,bhullsi01,956
Scottie Lewis,lewissc01,957
Mason Jones,jonesma05,958
Jarrod Uthoff,uthofja01,959
Kobi Simmons,simmoko01,960
Nigel Williams-Goss,willini01,961
Tyler Davis,davisty01,962
J.P. Macura,macurjp01,963
Edmond Sumner,sumneed01,964
Okaro White,whiteok01,965
David Johnson,johnsda08,966
DeJon Jarreau,jarrede01,967
Aaron Gray,grayaa01,968
Ahmad Caver,caverah01,969
Rakeem Christmas,chrisra01,970
Feron Hunt,huntfe01,971
Jordan Loyd,loydjo01,972
Amida Brimah,brimaam01,973
DJ White,whitedj01,974
Cameron Oliver,oliveca01,975
Paris Bass,basspa01,976
Robert Franks,frankro01,977
John Holland,hollajo02,978
Jaime Echenique,echenja01,979
Anthony Lamb,lamban01,980
James Anderson,anderja01,981
Dragan Bender,bendedr01,982
Jaylen Adams,adamsja01,983
Luca Vildoza,vildolu01,984
Kalin Lucas,lucaska01,985
Nicolas Brussino,brussni01,986
Moses Wright,wrighmo01,987
Jaylen Hoard,hoardja01,988
Zhou Qi,qizh01,989
Nate Hinton,hintona01,990
Zach Lofton,loftoza01,991
Trey McKinney-Jones,mckintr01,992
Jerrelle Benimon,benimje01,993
Jaden Springer,sprinja01,994
Emmanuel Mudiay,mudiaem01,995
Daryl Macon,maconda01,996
Malcolm Lee,leema01,997
DeVaughn Akoon-Purcell,akoonde01,998
Reggie Hearn,hearnre01,999
Joel Ayayi,ayayijo01,1000
Matt Ryan,ryanma01,1001
Robert Woodard II,woodaro01,1002
Andris Biedrins,biedran01,1003
Damion James,jamesda01,1004
Rob Edwards,edwarro01,1005
Brian Bowen II,bowenbr02,1006
Eric Paschall,pascher01,1007
Elias Harris,harriel01,1008
Justin Robinson,robinju01,1009
Ade Murkey,murkead01,1010
CJ Elleby,ellebcj01,1011
Jahmi'us Ramsey,ramseja01,1012
Tyler Dorsey,dorsety01,1013
Jerome Jordan,jordaje01,1014
Cliff Alexander,alexacl01,1015
Tyler Lydon,lydonty01,1016
Vincent Edwards,edwarvi01,1017
Kendrick Perkins,perkike01,1018
Tyrus Thomas,thomaty01,1019
Eugene Omoruyi,omorueu01,1020
Cam Reddish,reddica01,1021
Vernon Carey Jr.,careyve01,1022
Elijah Bryant,bryanel01,1023
David Wear,wearda01,1024
Sam Merrill,merrisa01,1025
Jason Richardson,richaja01,1026
Jarron Cumberland,cumbeja01,1027
Jordan Sibert,siberjo01,1028
Shaq Buchanan,buchash01,1029
Tyler Hall,hallty01,1030
Ryan Gomes,gomesry01,1031
Keith Appling,applike01,1032
Scotty Hopson,hopsosc01,1033
Derrick Williams,willide02,1034
Lamar Patterson,pattela01,1035
Kyle Guy,guyky01,1036
Mindaugas Kuzminskas,kuzmimi01,1037
Sheldon Mac,mcclesh01,1038
JaQuori McLaughlin,mclauja01,1039
Charles Cooke,cookech01,1040
Marcus Georges-Hunt,georgma01,1041
Gal Mekel,mekelga01,1042
Ashton Hagans,haganas01,1043
Shane Edwards,edwarsh01,1044
KZ Okpala,okpalkz01,1045
Vander Blue,blueva01,1046
Julian Washburn,washbju01,1047
JJ O'Brien,obriejj01,1048
Jameel Warney,warneja01,1049
Duane Washington Jr.,washidu02,1050
Jacob Pullen,pulleja01,1051
Will Cherry,cherrwi01,1052
Royal Ivey,iveyro01,1053
Stanton Kidd,kiddst01,1054
Donte Grantham,grantdo01,1055
Damien Wilkins,wilkida02,1056
Luka Garza,garzalu01,1057
Kyle Alexander,alexaky01,1058
Quinndary Weatherspoon,weathqu01,1059
Jarvis Varnado,varnaja01,1060
Dakota Mathias,mathida01,1061
Chris Babb,babbch01,1062
Cat Barber,barbeca01,1063
Chris Smith,smithch05,1064
Adreian Payne,paynead01,1065
Anzejs Pasecniks,pasecan01,1066
Erik McCree,mccreer01,1067
Tyler Cook,cookty01,1068
George King,kingge03,1069
Greg Whittington,whittgr01,1070
Carlik Jones,jonesca03,1071
Solomon Jones,jonesso01,1072
Omari Johnson,johnsom01,1073
Marial Shayok,shayoma01,1074
Jon Teske,teskejo01,1075
Jeremy Pargo,pargoje01,1076
Melvin Ely,elyme01,1077
McKinley Wright IV,wrighmc01,1078
Cassius Winston,winstca01,1079
Joe Chealey,chealjo01,1080
Alex Kirk,kirkal01,1081
Ty-Shon Alexander,alexaty01,1082
Ivan Rabb,rabbiv01,1083
Shamorie Ponds,pondssh01,1084
Darrun Hilliard,hillida01,1085
Ben Moore,moorebe01,1086
Mac McClung,mccluma01,1087
Shayne Whittington,whittsh01,1088
Malik Fitts,fittsma01,1089
Will Magnay,magnawi01,1090
Michael Gbinije,gbinimi01,1091
Patrick McCaw,mccawpa01,1092
RJ Nembhard Jr.,nembhrj01,1093
Carsen Edwards,edwarca01,1094
David Duke Jr.,dukeda01,1095
Darius Johnson-Odom,johnsda03,1096
Mustafa Shakur,shakumu01,1097
Josh Reaves,reavejo02,1098
Daniel Oturu,oturuda01,1099
Petr Cornelie,cornepe01,1100
Glen Davis,davisgl01,1101
Malachi Richardson,richama01,1102
Duje Dukan,dukandu01,1103
Aaron Harrison,harriaa01,1104
Aleksej Pokusevski,pokusal01,1105
Zylan Cheatham,cheatzy01,1106
Earl Clark,clarkea01,1107
Jay Scrubb,scrubja01,1108
Devon Hall,hallde01,1109
Arnoldas Kulboka,kulboar01,1110
Royce White,whitero03,1111
Bol Bol,bolbo01,1112
Andre Dawkins,dawkian01,1113
Sebastian Telfair,telfase01,1114
Charlie Villanueva,villach01,1115
Luis Montero,montelu01,1116
Leandro Bolmaro,bolmale01,1117
Jordan Goodwin,goodwjo01,1118
Caleb Swanigan,swanica01,1119
Jontay Porter,portejo01,1120
Ray Spalding,spaldra01,1121
Chimezie Metu,metuch01,1122
Jamaal Franklin,frankja01,1123
Bryce Dejean-Jones,dejeabr01,1124
Quinn Cook,cookqu01,1125
Chinanu Onuaku,onuakch01,1126
Xavier Sneed,sneedxa01,1127
Jaysean Paige,paigeja01,1128
Ben Bentil,bentibe01,1129
Wayne Selden,seldewa01,1130
Chaundee Brown Jr.,brownch05,1131
Tariq Owens,owensta01,1132
Josh Gray,grayjo01,1133
Marquis Teague,teaguma01,1134
Jalen Jones,jonesja04,1135
Manny Harris,harrima01,1136
Nicolas Laprovittola,laproni01,1137
Melvin Frazier Jr.,frazime01,1138
Zach Norvell Jr.,norveza01,1139
Justin Harper,harpeju01,1140
Greg Oden,odengr01,1141
Cameron Bairstow,bairsca01,1142
Gary Neal,nealga01,1143
Javonte Smart,smartja01,1144
Yves Pons,ponsyv01,1145
Shannon Brown,brownsh01,1146
Micah Potter,pottemi01,1147
Nate Darling,darlina01,1148
Kyle Wiltjer,wiltjky01,1149
Josh Powell,poweljo01,1150
Aaron Henry,henryaa01,1151
James Nunnally,nunnaja01,1152
Jerel McNeal,mcneaje01,1153
Ike Anigbogu,anigbik01,1154
Jeff Ayres,pendeje02,1155
Larry Drew II,drewla02,1156
Isaac Humphries,humphis01,1157
Jabari Bird,birdja01,1158
Paul Zipser,zipsepa01,1159
Bobby Brown,brownbo02,1160
Orlando Johnson,johnsor01,1161
Marshall Plumlee,plumlma02,1162
Robert Sacre,sacrero01,1163
Antawn Jamison,jamisan01,1164
Myles Powell,powelmy01,1165
William Howard,howarwi01,1166
Bryce Cotton,cottobr01,1167
Rawle Alkins,alkinra01,1168
Vic Law,lawvi01,1169
Dionte Christmas,chrisdi01,1170
Damien Inglis,inglida01,1171
Lonnie Walker IV,walkelo01,1172
Elijah Hughes,hugheel01,1173
Antonius Cleveland,clevean01,1174
Tyler Cavanaugh,cavanty01,1175
Brendan Haywood,haywobr01,1176
Joe Young,youngjo01,1177
Terrance Ferguson,fergute01,1178
Kevin Knox II,knoxke01,1179
Cleanthony Early,earlycl01,1180
Chris Clemons,clemoch01,1181
Kenyon Martin Jr.,martike04,1182
Isaiah Briscoe,briscis01,1183
Haywood Highsmith,highsha01,1184
Vincent Poirier,poirivi01,1185
JT Thor,thorjt01,1186
Brandon Boston Jr.,bostobr01,1187
Briante Weber,weberbr01,1188
Justin Wright-Foreman,wrighju02,1189
Nick Richards,richani01,1190
Steve Nash,nashst01,1191
Kay Felder,feldeka01,1192
Isaiah Todd,toddis01,1193
Milton Doyle,doylemi01,1194
Marcus Garrett,garrema01,1195
Brandon Rush,rushbr01,1196
Bonzie Colson,colsobo01,1197
Branden Dawson,dawsobr01,1198
Joe Wieskamp,wieskjo01,1199
Aleem Ford,fordal03,1200
Greg Stiemsma,stiemgr01,1201
Omari Spellman,spellom01,1202
Jeremiah Robinson-Earl,robinje02,1203
James Webb III,webbja01,1204
Kevin Hervey,herveke01,1205
Diamond Stone,stonedi01,1206
Billy Garrett,garrebi01,1207
Hamady Ndiaye,ndiayha01,1208
Harry Giles III,gilesha01,1209
Jeff Dowtin,dowtije01,1210
Kai Jones,joneska01,1211
Deng Adel,adelde01,1212
Darius Morris,morrida01,1213
Damjan Rudez,rudezda01,1214
Ognjen Kuzmic,kuzmiog01,1215
Alex Poythress,poythal01,1216
Patrick Christopher,chrispa01,1217
Trayvon Palmer,palmetr01,1218
Sean McDermott,mcderse01,1219
Johnny O'Bryant III,obryajo01,1220
Jordan Bone,bonejo01,1221
Anthony Bennett,bennean01,1222
Drew Gordon,gordodr01,1223
Jeremy Tyler,tylerje01,1224
Malcolm Thomas,thomama01,1225
Aaron Jackson,jacksaa01,1226
Tibor Pleiss,pleisti01,1227
Ben Gordon,gordobe01,1228
Moses Moody,moodymo01,1229
London Perrantes,perralo01,1230
Admiral Schofield,schofad01,1231
Arnett Moultrie,moultar01,1232
Vitor Faverani,favervi01,1233
Zoran Dragic,dragizo01,1234
Kevin Pangos,pangoke01,1235
Jalen Johnson,johnsja05,1236
Keljin Blevins,blevike01,1237
Nico Mannion,mannini01,1238
Joffrey Lauvergne,lauvejo01,1239
Santi Aldama,aldamsa01,1240
Didi Louzada,louzama01,1241
Peyton Siva,sivape01,1242
Tyler Bey,beyty01,1243
Antonio Blakeney,blakean01,1244
Viacheslav Kravtsov,kravtvi01,1245
Lindell Wigginton,wiggili01,1246
Karim Mane,maneka01,1247
Daniel Ochefu,ochefda01,1248
Grant Jerrett,jerregr01,1249
Doron Lamb,lambdo01,1250
Jamorko Pickett,pickeja01,1251
Sharife Cooper,coopesh01,1252
Patricio Garino,garinpa01,1253
Will Bynum,bynumwi01,1254
Xavier Rathan-Mayes,rathaxa01,1255
Ronnie Brewer,brewero02,1256
Earl Watson,watsoea01,1257
Tony Wroten,wroteto01,1258
Reggie Perry,perryre01,1259
Marko Guduric,gudurma01,1260
Jamaal Tinsley,tinslja01,1261
Georgios Papagiannis,papagge01,1262
Aaron Wiggins,wiggiaa01,1263
Daishen Nix,nixda01,1264
Nick Johnson,johnsni01,1265
Erik Murphy,murpher01,1266
AJ Hammons,hammoaj01,1267
Jared Terrell,terreja01,1268
Rui Hachimura,hachiru01,1269
Jacob Evans,evansja02,1270
Carlos Boozer,boozeca01,1271
Kessler Edwards,edwarke02,1272
Brandon Sampson,sampsbr01,1273
Stephen Zimmerman,zimmest01,1274
Elie Okobo,okoboel01,1275
Zavier Simpson,simpsza01,1276
Tornike Shengelia,shengto01,1277
Andrew Bynum,bynuman01,1278
Brandon Williams,willibr03,1279
Jamel Artis,artisja01,1280
Tre Mann,manntr01,1281
Olivier Sarr,sarrol01,1282
Nemanja Nedovic,nedovne01,1283
Chris Singleton,singlch01,1284
Theo Maledon,maledth01,1285
Hasheem Thabeet,thabeha01,1286
Chauncey Billups,billuch01,1287
Dairis Bertans,bertada02,1288
James Bouknight,bouknja01,1289
Earl Barron,barroea01,1290
Andrew White III,whitean01,1291
Rodney Purvis,purviro01,1292
Jason Collins,collija04,1293
Ayo Dosunmu,dosunay01,1294
Cam Thomas,thomaca02,1295
Sergio Rodriguez,rodrise01,1296
Joshua Primo,primojo01,1297
Jeffery Taylor,tayloje03,1298
Josh Christopher,chrisjo01,1299
Ky Bowman,bowmaky01,1300
Jonathan Kuminga,kuminjo01,1301
Michael Frazier,frazimi01,1302
Keifer Sykes,sykeske01,1303
Vit Krejci,krejcvi01,1304
Killian Hayes,hayeski01,1305
Georgios Kalaitzakis,kalaige01,1306
Diante Garrett,garredi02,1307
Byron Mullens,mulleby01,1308
Sandro Mamukelashvili,mamuksa01,1309
Josh Hall,halljo01,1310
Jabari Brown,brownja01,1311
Tyshawn Taylor,tayloty01,1312
Eric Maynor,maynoer01,1313
Sonny Weems,weemsso01,1314
Jalen Green,greenja05,1315
R.J. Hampton,hamptrj01,1316
Greg Brown III,browngr01,1317
Trendon Watford,watfotr01,1318
Semaj Christon,chrisse01,1319
Keon Johnson,johnske07,1320
James Wiseman,wisemja01,1321
Kevin Knox,knoxke01,1322